item,qty,spec,supplier,unit_cost_usd,make_buy,notes
1 FieldNode enclosure with ports and antenna,1,"FieldNode standard: light grey polycarbonate enclosure 150 x 90 x 200 mm with gasketed lid and ePTFE vent (IP65), two M16 glands, two M12 5-pin sensor ports, sub-GHz whip antenna, printed ASA internal plate (FieldNode BOM lines 1 to 3 and 9 to 11)","FieldNode project; enclosure from a Fibox, Hammond or Bud class maker via an electrical distributor; connectors from an industrial connector distributor",47.00,buy,Indicative; sum of the FieldNode TRL 3 BOM lines it replaces ($18 + $0 + $3 + $10 + $12 + $4)
2 FieldNode power and radio board,1,"FieldNode power board (1S LiFePO4 MPPT charger with NTC lockout, protection, fuel gauge, switched rails) and STM32WL-class LoRaWAN controller (FieldNode BOM lines 7 and 8); charger current set for the 20 W panel (CBC-CAL-001 E5)","FieldNode project; ICs from an electronics distributor (DigiKey or Mouser class); module from RAKwireless or Seeed Studio",36.00,make,Indicative; FieldNode $22 + $14; a higher charge current may add cost
3 LiFePO4 cells with fused holders,2,"32700 LiFePO4, 3.2 V, 6 Ah (about 19 Wh each), charge 0 to 45 C; holder with 5 A fuse and 10 k NTC, as FieldNode BOM line 6; two in parallel",Battery distributor (cell maker that publishes a datasheet),9.00,buy,Indicative; one is FieldNode standard and one is the high-load addition (DDR-001 D3)
4 Solar panel,1,"20 W monocrystalline, about 540 x 350 x 25 mm, aluminium frame, 12 V class (Vmp about 18 V, Voc about 22 V), 1 m lead",Regional solar distributor or electronics distributor,30.00,buy,Indicative; replaces FieldNode's 6 W panel (DDR-001 D3)
5 Panel pole-top mount,1,"Galvanized steel sleeve 150 mm long over the pole top with cap and three M10 set screws, 42.4 x 2.6 mm post 150 mm, hinge plate 180 x 220 x 8 mm at 35 degrees",Local fabricator from steel stockist tube and plate,12.00,make,Indicative material and fabrication cost; fits poles with a free top only
6 Band clamps and enclosure saddle,1,"Set: four 12 mm stainless band clamps for 60 to 140 mm poles with rubber liners (two for the enclosure, two for the arm) and an aluminium saddle plate 160 x 300 x 4 mm carrying the FieldNode enclosure",Hardware supplier (bands) and local make (plate),18.00,make,Indicative; FieldNode's V-block kit seats 40 to 60 mm poles only
7 Sensor arm with saddle,1,"40 x 40 x 2 mm 6063 aluminium square tube about 510 mm, welded or bolted to an 8 x 90 x 160 mm saddle plate",Local make from metal stockist tube and plate,15.00,make,Indicative material cost
8 Sensor head housing,1,"3D-printed ASA shell 110 x 90 x 70 mm with 150 x 120 mm sun hood and gasket, open underneath for the window; tilted 7.5 degrees toward the road",Local print (ASA filament from a 3D printing supplier),8.00,make,Indicative material cost; UV-stable plastic
9 LWIR window,1,"0.5 mm HDPE film, about 100 x 80 mm, unpigmented, clamped with a gasket",Plastics supplier,2.00,buy,Indicative; transmission estimated at 0.75 in CBC-CAL-001 D1 and to be measured
10 Thermal array,1,"MLX90640 class, 32 x 24 px, 110 x 75 degree lens (BAB type), on an I2C breakout; mounted with its 110 degree axis across the street",Electronics distributor or maker-board retailer (Adafruit or SparkFun class),65.00,buy,Indicative; mmWave radar kept as a hot-climate variant (DDR-001 D2)
11 Edge processor,1,"ESP32-S3 class module with PSRAM on a small carrier, own radio disabled in firmware; calibration jumper header and USB for setup only",Electronics distributor (Espressif module via DigiKey or Mouser class),12.00,buy,Indicative; STM32WL-only variant studied in CBC-CAL-001 F (DDR-001 D4)
12 Sensor cable,1,"M12 5-pin A-coded moulded cable about 2 m, IP67, FieldNode sensor port pinout",Industrial connector distributor,10.00,buy,Indicative; length set by the model route (enclosure port to head)
13 Public notice plate,1,"Aluminium plate 150 x 200 x 2 mm, UV-stable print: what is counted, that no images are kept, and a link to this repository",Local sign maker,5.00,buy,Indicative; public notice adopted for TRL 3 (DDR-001 D7)
14 Hardware and consumables,1,"FieldNode hardware set (standoffs, screws, wire, ferrules, blanking plug, desiccant) plus stainless fasteners, two safety lanyards, UV-stable cable ties and tape",Hardware shop,12.00,buy,Indicative; FieldNode $6 plus $6 for the pole mount; no exploded-view callout
